1	PNJ	24/4/2013 0:00:00	 <VNP2 >25/4 - 28/4, Mung Sinh Nhat 25 tuoi-TON VINH GIA TRI DICH THUC, PNJ danh tang KH CT uu dai hap dan len den 25%. PNJ.COM.VN. Tu choi QC,soan NO gui 9241		in		1
2	PNJ	14/8/2013 0:00:00	(VNP2)Le hoi trang suc cuoi Hanh Phuc Vang KV Mien Tay tu 15-22/08/13, PNJ uu dai den 20% & tang qua hap dan, www.pnj.com.vn. Tu choi QC,soan NO gui 9241		in		1
3	PNJ	10/10/2014 0:00:00	(INC2) Mung ngay Phu Nu Viet Nam, tu 10-20/10 PNJ tang TRANG SUC CAO CAP&PHIEU UU DAI voi tong gia tri den 5 TY DONG. pnj.com.vn . Tu choi QC, soan NO gui 9241		in		1
4	PNJ	14/10/2014 0:00:00	(INC2) Mung ngay Phu Nu Viet Nam,tu 10-20/10 PNJ tang TRANG SUC CAO CAP&PHIEU UU DAI voi tong gia tri den 5 TY DONG. pnj.com.vn . Tu choi QC, soan NO gui 9241		in		1
120	90	30/8/2013 0:00:00	MobiFone xin thong bao NGUNG cung cap goi cuoc Data khong gioi han cho thue bao tra sau khi Chuyen vung Quoc te tai TRUNG QUOC tu 01/09/2013. Chi tiet tai www.mobifone.com.vn hoac goi 9090.		in		1
121	90	9/9/2013 0:00:00	<QC> Tu 10/09/2013, MobiFone ap dung chung muc cuoc co ban cho cuoc goi va tin nhan vao tat ca cac gio trong ngay. Chi tiet lien he 9090. Xin cam on!		in		1
122	90	10/9/2013 0:00:00	<QC> Tu 10/09/2013, MobiFone ap dung chung muc cuoc co ban cho cuoc goi va tin nhan vao tat ca cac gio trong ngay. Chi tiet lien he 9090. Xin cam on!		in		1
123	90	10/9/2013 0:00:00	<QC> Tu 10/09/2013, MobiFone ap dung chung muc cuoc co ban cho cuoc goi va tin nhan vao tat ca cac gio trong ngay. Chi tiet lien he 9090. Xin cam on!		in		1
124	90	10/9/2013 0:00:00	Tu 10/09/2013, MobiFone ap dung chung muc cuoc co ban cho cuoc goi va tin nhan vao tat ca cac gio trong ngay. Chi tiet lien he 9090. Xin cam on!		in		1
125	90	14/9/2013 0:00:00	Tu 10/09/2013, MobiFone ngung ap dung chinh sach cuoc gio thap diem. Cuoc goi, tin nhan gio thap diem se duoc ap dung theo muc cuoc co ban cua gio binh thuong. Quy khach luu y khi goi, nhan tin vao gio thap diem de tranh phat sinh cuoc ngoai mong muon. Ch		in		1
126	90	15/9/2013 0:00:00	Hay tham gia chien dich KET NOI BIEN DONG bang cach soan BD gui 1400 de ung ho 10.000d mua thiet bi thong tin lien lac cho ngu dan. Xin cam on.		in		1
127	90	22/9/2013 0:00:00	Hay tham gia chien dich KET NOI BIEN DONG bang cach soan BD gui 1400 de ung ho 10.000d mua thiet bi thong tin lien lac cho ngu dan. Xin cam on.		in		1
128	90	28/9/2013 0:00:00	Quy khach thuc hien thanh toan cuoc truc tuyen de huong chiet khau 5% so tien thanh toan. Thoi gian uu dai den het ngay 17/12/2013. Chi tiet lien he 9090 hoac xem tai www.mobifone.com.vn		in		1
129	90	1/10/2013 0:00:00	Hay tham gia chien dich KET NOI BIEN DONG bang cach soan BD gui 1400 de ung ho 10.000d mua thiet bi thong tin lien lac cho ngu dan. Xin cam on.		in		1
130	90	5/10/2013 0:00:00	Hay tham gia chien dich KET NOI BIEN DONG bang cach soan BD gui 1400 de ung ho 10.000d mua thiet bi thong tin lien lac cho ngu dan. Xin cam on.		in		1
131	90	8/10/2013 0:00:00	Tu 5/10/2013, MobiFone UU DAI toi 3,5 trieu dong cho thue bao nhan duoc tin nhan nay khi mua SamSung Galaxy Note 3, co the TRA GOP voi lai suat 0% khi thanh toan bang the Citibank Cash Back. Chi tiet goi 9090 hoac tai http://khdn.mobifone.com.vn .Xin cam		in		1
132	90	9/10/2013 0:00:00	Quy khach thuc hien thanh toan truc tuyen de huong chiet khau 5% so tien thanh toan. Thoi gian uu dai den het ngay 17/12/2013. Chi tiet lien he 9090 hoac xem tai www.mobifone.com.vn		in		1
133	90	13/10/2013 0:00:00	Quy khach dang su dung goi MIU. Duoc su dong y cua Bo Thong tin va Truyen thong, tu 16/10/2013 MobiFone dieu chinh goi MIU (70.000 d su dung khong gioi han voi 600 MB toc do cao). Chi tiet lien he 9090. Xin cam on!		in		1
134	90	15/10/2013 0:00:00	Quy khach dang su dung goi MIU. Duoc su dong y cua Bo Thong tin va Truyen thong, tu 16/10/2013 MobiFone dieu chinh goi MIU (70.000 d su dung khong gioi han voi 600 MB toc do cao). Chi tiet lien he 9090. Xin cam on!		in		1
135	90	6/11/2013 0:00:00	UU DAI QUYEN MUA Samsung Galaxy Note 3 voi muc GIAM toi 3,5 trieu dong kem TRA GOP LAI SUAT toi 0% qua the VISA ANZ, VISA CITIBANK Cash Back va VISA SEABANK. Chi tiet cua hang ap dung chuong trinh goi 9090 hoac khdn.mobifone.com.vn. Danh rieng cho thue ba		in		1
136	90	9/11/2013 0:00:00	Bao Haiyan la con bao co cuong do manh nhat, di chuyen nhanh nhat du kien se do bo vao cac tinh mien Trung vao ngay 10/11, Ban hay thong bao cho nguoi than de phong tranh bao.		in		1
137	90	10/11/2013 0:00:00	Quy khach thuc hien thanh toan cuoc truc tuyen de huong chiet khau 5% so tien thanh toan. Thoi gian uu dai den het ngay 17/12/2013. Chi tiet lien he 9090 hoac xem tai www.mobifone.com.vn.		in		1
138	90	7/12/2013 0:00:00	Tu 01/12/13-14/01/14, cao va nap the CT "Cao trung lon-Tung bung nam moi" de trung DT SamSung Note 3, hay mien phi 100.000d/20.000d (vao TKKM3/ giam tru tren hoa don cuoc). Tong gia tri giai tren 70 ty dong		in		1
139	90	16/12/2013 0:00:00	Tu 01/12/13-14/01/14, cao va nap the CT "Cao trung lon-Tung bung nam moi" de trung DT SamSung Note 3, hay mien phi 100.000d/20.000d (vao TKKM3/ giam tru tren hoa don cuoc). Tong gia tri giai tren 70 ty dong		in		1
140	90	24/12/2013 0:00:00	Tu 01/12/13-14/01/14, cao va nap the CT "Cao trung lon-Tung bung nam moi" de trung DT SamSung Note 3, hay mien phi 100.000d/20.000d (vao TKKM3/ giam tru tren hoa don cuoc). Tong gia tri giai tren 70 ty dong		in		1
141	90	1/1/2014 0:00:00	MobiFone gui loi tri an va kinh chuc Quy khach nam moi 2014 SUC KHOE va THANH CONG. (De xem mau cau chuc doc dao va thu vi, soan CHUC gui 9289 - mien phi)		in		1
142	90	23/1/2014 0:00:00	Den 31/01/2014, Goi khuyen mai mien phi 10p/cuoc goi se het han. Quy khach se duoc gia han thanh Goi mien phi 10p/cuoc goi MobiFone- VinaPhone- CD VNPT (1.500 p/chu ky) va 01 goi MIU/ck, den 31/01/2015. Phi mua goi: 180.000d/chu ky. Huy bo gia han tren: s		in		1
143	90	27/1/2014 0:00:00	MobiFone xin thong bao chuong trinh "Cao trung lon - Tung bung nam moi" se ket thuc vao ngay 14/01/2014. Quy khach nhanh tay nap the va cao de trung DT S cua hang MobiFone. Chi tiet mobifone.com.vn hoac lien he 9090.		in		1
144	90	28/1/2014 0:00:00	Den 31/01/2014, Goi khuyen mai mien phi 10p/cuoc goi se het han. Quy khach se duoc gia han thanh Goi mien phi 10p/cuoc goi MobiFone- VinaPhone- CD VNPT (1.500 p/chu ky) va 01 goi MIU/ck, den 31/01/2015. Phi mua goi: 180.000d/chu ky. Huy bo gia han tren: s		in		1
145	90	28/1/2014 0:00:00	<QC> MobiFone cam on ban da gan bo va chuc ban nam 2014 nhieu tai loc. Tran trong luu y ban cap nhat cac su kien mung xuan Giap Ngo va tham gia CT Xuan Tai Loc de co co hoi nhan li xi 200 trieu VND! Soan DK gui 9999!THAM GIA NGAY HOM NAY MIEN PHI, cuoc ca		in		1
146	90	28/1/2014 0:00:00	MobiFone kinh chuc Quy khach nam moi AN KHANG - THINH VUONG. De co 200 phut thoai noi mang & 1 GB mien phi su dung trong 30 ngay voi gia chi co 200.000 dong, Quy khach soan tin nhan MB200 gui 999. Chi tiet lien he 9090.		in		1
147	90	31/1/2014 0:00:00	Den 31/01/2014, Goi khuyen mai mien phi 10p/cuoc goi se het han. Quy khach se duoc gia han thanh Goi mien phi 10p/cuoc goi MobiFone- VinaPhone- CD VNPT (1.500 p/chu ky) va 01 goi MIU/ck, den 31/01/2015. Phi mua goi: 180.000d/chu ky. Huy bo gia han tren: s		in		1
148	90	31/1/2014 0:00:00	MobiFone kinh chuc Quy khach nam moi Giap Ngo SUC KHOE, HANH PHUC va THANH CONG. (De xem mau cau chuc doc dao va thu vi, soan CHUC gui 9289 - mien phi hoac truy cap http://tet.mobifone.com.vn)		in		1
149	90	7/2/2014 0:00:00	Quy khach duoc mien phi 10p/cuoc goi MobiFone-VinaPhone- CD VNPT (1.500p/chu ky) va 01 goi MIU/ck, den 31/01/2015. Phi mua goi: 180.000 d/chu ky (chua gom cuoc TB thang). De kiem tra TK, soan KT KN gui 999. Chi tiet goi 9090.		in		1
150	90	19/2/2014 0:00:00	MobiFone kinh chuc Quy khach nam moi AN KHANG - THINH VUONG. De co 200 phut thoai noi mang & 1 GB mien phi su dung trong 30 ngay voi gia chi co 200.000 dong, Quy khach soan tin nhan MB200 gui 999. Chi tiet lien he 9090.		in		1
151	90	27/2/2014 0:00:00	MobiFone kinh chuc Quy khach nam moi AN KHANG - THINH VUONG. De co 200 phut thoai noi mang & 1 GB mien phi su dung trong 30 ngay voi gia chi co 200.000 dong, Quy khach soan tin nhan MB200 gui 999. Chi tiet lien he 9090.		in		1
152	90	28/2/2014 0:00:00	<QC> Chuc mung! Ban rat may man khi nhan duoc thong bao nay: Rat co the ban se so huu 200 trieu dong tu CT Buoc nhay hoan vu cua MobiFone ngay ca khi tai khoan bang 0 dong. Nhanh tay soan DK3 gui 9333 de don nhan co hoi (Mien phi ngay hom nay). Chi tiet g		in		1
153	90	6/3/2014 0:00:00	MobiFone chuc Quy khach 1 ngay 8/3 hanh phuc va y nghia. Xem mau cau chuc doc dao va thu vi tai http://sms.mobifone.com.vn hoac soan CHUC gui 9289 (mien phi).		in		1
154	90	7/3/2014 0:00:00	Hay chung tay ung ho Truong Sa va vung bien dao co 1 mua xuan am ap hon. Soan XTS gui 1409 de ung ho 18.000d. Phi gui 300d/SMS. Chi tiet tai www.vtv.vn. Xin cam on.		in		1
155	90	20/3/2014 0:00:00	SAMSUNG GALAXY TREND+ GIA CHI TU 2 TRIEU 900 NGHIN DONG.Mua ngay de huong uu dai mien phi su dung goi MIU nhan doi dung luong toc do cao trong 5 thang (co dieu kien kem theo). Chi tiet www.mobifone.com.vn hoac goi 9090.		in		1
156	90	21/3/2014 0:00:00	SAMSUNG GALAXY TREND + GIA CHI TU 2 TRIEU 900 NGHIN DONG. Mua ngay de huong uu dai mien phi su dung goi MIU nhan doi dung luong toc do cao trong 5 thang (co dieu kien kem theo). Chi tiet www.mobifone.com.vn hoac goi 9090		in		1
157	90	27/4/2014 0:00:00	<QC> Hay tai, cai dat va dang nhap su dung (qua 3G hoac MobiFone Portal) ngay phan mem MyMobiFone tai dia chi https://play.google.com/store/apps/details?id=vms.com.vn.mymobifone de su dung cac tinh nang huu ich, cac thong tin cap nhat va duoc tang 50 SMS		in		1
158	90	16/5/2014 0:00:00	Thu tuong Chinh phu Nguyen Tan Dung yeu cau va keu goi moi nguoi Viet Nam khong co nhung hanh dong vi pham phap luat, khong nghe theo ke xau, cung nhau giu gin an ninh trat tu, doan ket giup do lan nhau phat trien san xuat kinh doanh, nang cao doi song va		in		1
159	90	17/5/2014 0:00:00	Ngay 17/5/2014, Thu tuong Chinh phu Chi thi: Bo Cong an, cac co quan chuc nang va lanh dao cac tinh, thanh pho thuc hien dong bo cac bien phap, kien quyet khong de bieu tinh trai phap luat, gay mat an ninh trat tu, an toan xa hoi.		in		1
160	90	17/5/2014 0:00:00	Thu tuong Chinh phu yeu cau cac co quan chuc nang va lanh dao cac tinh, thanh pho tuyen truyen van dong nhan dan khong tham gia bieu tinh trai phap luat, gay mat an ninh trat tu, an toan xa hoi.		in		1
161	90	17/5/2014 0:00:00	Ngay 17/5/2014, Thu tuong Chinh phu Chi thi: Bo Cong an, cac co quan chuc nang va lanh dao cac tinh, thanh pho thuc hien dong bo cac bien phap, kien quyet khong de bieu tinh trai phap luat, gay mat an ninh trat tu, an toan xa hoi		in		1
162	90	17/5/2014 0:00:00	Thu tuong Nguyen Tan Dung de nghi moi nguoi dan the hien long yeu nuoc dung phap luat, khong nghe kich dong va khong tham gia bieu tinh trai phap luat, gop phan giu gin an ninh trat tu, an toan xa hoi.		in		1
163	90	25/5/2014 0:00:00	Soan BD gui 1409 de ung ho 18.000d cho CT "Chung tay vi bien dao que huong" do Hoi chu thap do VN, VTV, Bao Tuoi Tre phat dong tu 19/5 den 18/7. Phi: 300d/tin.		in		1
164	90	27/5/2014 0:00:00	Cung dong long huong den bien dao que huong bang cach cai dat mien phi bai hat NOI DAO XA lam nhac cho, soan DK NDX gui 9079 (Dang ky truoc 1/6/2014). Mien phi 60 ngay su dung dich vu nhac cho Funring. Chi tiet lien he 9090.		in		1
165	90	3/6/2014 0:00:00	(QC) Dang ky nhan tin nhan thong bao KHUYEN MAI NAP THE, GIAM GIA, UU DAI hap dan tu MobiFone, soan DK gui 9241 MIEN PHI. TB 0907362462 duoc quay so ngau nhien va co nhieu co hoi so huu 50 trieu dong. Chi tiet lien he 9090. Tu choi, soan TC gui 9241		in		1
166	90	3/6/2014 0:00:00	De phong chong dich benh mua he, Bo Y te khuyen cao moi nguoi dan thuc hien cac bien phap sau: 1. Rua tay bang xa phong nhieu lan trong ngay 2. Lau rua san nha va do choi cua tre hang ngay bang chat tay rua thong thuong 3. Hay do, lat up cac vat dung chua		in		1
167	90	6/6/2014 0:00:00	Hay soan HSTS gui 1407 de ung ho 14000d cho CT "Nghia tinh Hoang Sa, Truong Sa" do Tong LDLD VN, Quy TLV phat dong tu 11/4 den 10/6. Phi: 300d/tin. Xin cam on		in		1
168	90	8/6/2014 0:00:00	Cung huong toi Hoang Sa Truong Sa than yeu cua To Quoc bang cach cai dat mien phi bai hat To quoc nhin tu bien lam nhac cho, soan DK HSTS gui 9079 (Dang ky truoc 10/06/2014). Mien phi 60 ngay su dung dich vu nhac cho Funring. Chi tiet lien he 9090.		in		1
169	90	14/6/2014 0:00:00	(QC)HOT!HOT!Ban co the la chu nhan so huu xe Vespa LX125 tu CTKM Dong hanh cung Guong mat than quen cua MobiFone.May man chi danh cho thue bao nhan duoc tin nhan nay. Nhanh tay soan tin DK5 gui 9333 de don nhan co hoi (Mien phi hom nay, sau khuyen mai 300		in		1
170	90	16/7/2014 0:00:00	(TB) Tu 16/7/2014, de tranh phat sinh cuoc data cao khi Chuyen vung quoc te tai mot so quoc gia co cung cap goi data khong gioi han (unlimited data 249.000d/ngay/nuoc) hay soan QUANLY_UD gui 999 hoac goi *090*5*11*13*4#. De biet danh sach cac quoc gia co		in		1
171	90	11/8/2014 0:00:00	Nhan dip le Vu Lan, MobiFone tran trong chia se voi Quy khach nhung loi yeu thuong, biet on Cha Me (soan CHUC gui 9289 (mien phi) hoac xem tai http://sms.mobifone.com.vn). MobiFone tang Quy khach bai hat BONG HONG CAI AO va su dung mien phi dich vu nhac c		in		1
172	90	22/9/2014 0:00:00	(QC VMS2) Tu 20/9/2014 den 31/12/2014 Quy khach thanh toan/nap the truc tuyen tai www.mobifone.com.vn de huong chiet khau 3% gia tri giao dich. Chi tiet goi 9090 hoac xem tai www.mobifone.com.vn		in		1
173	90	16/10/2014 0:00:00	MobiFone chuc Quy khach 1 ngay 20/10 hanh phuc va y nghia. Xem mau cau chuc doc dao va thu vi tai http://sms.mobifone.com.vn hoac soan CHUC gui 9289 (mien phi). MobiFone tang Quy khach bai hat XINH TUOI VIET NAM va su dung mien phi dich vu nhac cho Funrin		in		1
174	90	20/10/2014 0:00:00	(QC VMS2) Tu 20/9/2014 den 31/12/2014 Quy khach thanh toan/nap the truc tuyen tai www.mobifone.com.vn de huong chiet khau 3% gia tri giao dich. Chi tiet goi 9090 hoac xem tai www.mobifone.com.vn		in		1
175	90	17/11/2014 0:00:00	Chuong trinh CSKH MobiFone dac biet thang 11- Tham gia tim hieu cac Chuong trinh Khuyen mai, cac dich vu cua MobiFone HOAN TOAN MIEN PHI voi 1328 giai thuong hap dan: Iphone 6, 1.000.000d, 300.000d cong vao tai khoan. Truy cap http://sotai.mobifone.com.vn		in		1
176	90	26/11/2014 0:00:00	Chuc mung TB 907362462 voi co hoi so huu Iphone 6 va 1.000.000d, 300.000d cong vao tai khoan moi tuan khi tham gia tim hieu ve cac Chuong trinh Khuyen mai, cac dich vu cua MobiFone. Soan ngay DK gui 9277 (HOAN TOAN MIEN PHI) de dang ky. Chi tiet goi 9090		in		1
242	999	22/3/2013 0:00:00	Goi cuoc MIU  da duoc gia han.Gia goi 0 dong, su dung khong gioi han tai VN. HSD:21/04/2013 16:57:10. Tat tat ca ung dung Internet hoac khoi dong lai may de duoc tinh cuoc theo goi MIU.		in		1
243	999	1/4/2013 0:00:00	Quy khach da su dung het dung luong mien phi voi toc do toi da. Quy khach co the tiep tuc su dung voi toc do thong thuong hoac gia han goi duoc de su dung voi toc do cao.		in		1
244	999	21/4/2013 0:00:00	Goi cuoc MIU  vua duoc gia han.Gia goi 0 dong, su dung data khong gioi han tai VN. Han su dung den 21/05/2013 16:57:10. Tat tat ca ung dung Internet hoac khoi dong lai may de duoc tinh cuoc theo goi MIU.		in		1
245	999	3/5/2013 0:00:00	Quy khach da su dung het dung luong mien phi voi toc do toi da. Quy khach co the tiep tuc su dung voi toc do thong thuong hoac gia han goi duoc de su dung voi toc do cao.		in		1
246	999	21/5/2013 0:00:00	Goi cuoc MIU  vua duoc gia han.Gia goi 0 dong, su dung data khong gioi han tai VN. Han su dung den 20/06/2013 16:57:10. Tat tat ca ung dung Internet hoac khoi dong lai may de duoc tinh cuoc theo goi MIU.		in		1
247	999	20/6/2013 0:00:00	Goi cuoc MIU  vua duoc gia han.Gia goi 0 dong, su dung data khong gioi han tai VN. Han su dung den 20/07/2013 16:57:10. Tat tat ca ung dung Internet hoac khoi dong lai may de duoc tinh cuoc theo goi MIU.		in		1
248	999	19/8/2013 0:00:00	Goi cuoc MIU  vua duoc gia han.Gia goi 0 dong, su dung data khong gioi han tai VN. Han su dung den 18/09/2013 16:57:10. Tat tat ca ung dung Internet hoac khoi dong lai may de duoc tinh cuoc theo goi MIU.		in		1
249	999	18/9/2013 0:00:00	Goi cuoc MIU  vua duoc gia han.Gia goi 0 dong, su dung data khong gioi han tai VN. Han su dung den 18/10/2013 16:57:10. Tat tat ca ung dung Internet hoac khoi dong lai may de duoc tinh cuoc theo goi MIU.		in		1
250	999	17/10/2013 0:00:00	Han su dung goi MIU:18/10/2013 16:57:10. Neu khong yeu cau huy, goi cuoc se gia han den 17/11/2013 16:57:10. Gia goi 0 dong, khong gioi han dung luong.		in		1
251	999	18/10/2013 0:00:00	Goi cuoc MIU vua duoc gia han.Gia goi 0 dong, khong gioi han dung luong, 600 MB toc do cao (su dung tai VN). Han su dung den 17/11/2013 16:57:10. Tat tat ca ung dung Internet hoac khoi dong lai may de duoc tinh cuoc theo goi MIU. Xem Phim chi ton PIN, Kho		in		1
252	999	31/10/2013 0:00:00	Quy khach da su dung het dung luong mien phi voi toc do toi da. Quy khach co the tiep tuc su dung voi toc do thong thuong hoac gia han goi cuoc de su dung voi toc do cao.		in		1
253	999	16/11/2013 0:00:00	Han su dung goi MIU:17/11/2013 16:57:10. Neu khong yeu cau huy, goi cuoc se gia han den 17/12/2013 16:57:10. Gia goi 0 dong, khong gioi han dung luong.		in		1
254	999	17/11/2013 0:00:00	Goi cuoc MIU vua duoc gia han.Gia goi 0 dong, khong gioi han dung luong, 600 MB toc do cao (su dung tai VN). Han su dung den 17/12/2013 16:57:10. Tat tat ca ung dung Internet hoac khoi dong lai may de duoc tinh cuoc theo goi MIU.		in		1
255	999	8/12/2013 0:00:00	Quy khach duoc giam 50% gia goi data M50 (450MB/25.000d) trong thang dau tien. Chon Tra loi (Reply) voi noi dung: DK_MM50 hoac Soan: DK_MM50 gui 999. L/H 9090.		in		1
256	999	9/12/2013 0:00:00	Quy khach duoc giam 50% gia goi data MIU (600MB/35.000d) trong thang dau tien. Chon Tra loi (Reply) voi noi dung: DK MMIU hoac Soan: DK MMIU gui 999. L/H 9090		in		1
257	999	16/12/2013 0:00:00	Han su dung goi MIU:17/12/2013 16:57:10. Neu khong yeu cau huy, goi cuoc se gia han den 16/01/2014 16:57:10. Gia goi 0 dong, khong gioi han dung luong, 600 MB toc do cao.		in		1
258	999	17/12/2013 0:00:00	Goi cuoc MIU vua duoc gia han.Gia goi 0 dong, khong gioi han dung luong, 600 MB toc do cao (su dung tai VN). Han su dung den 16/01/2014 16:57:10. Tat tat ca ung dung Internet hoac khoi dong lai may de duoc tinh cuoc theo goi MIU.		in		1
259	999	12/1/2014 0:00:00	Quy khach da su dung het dung luong mien phi voi toc do toi da. Quy khach co the tiep tuc su dung voi toc do thong thuong hoac gia han goi cuoc de su dung voi toc do cao.		in		1
260	999	15/1/2014 0:00:00	Han su dung goi MIU:16/01/2014 16:57:10. Neu khong yeu cau huy, goi cuoc se gia han den 15/02/2014 16:57:10. Gia goi 0 dong, khong gioi han dung luong, 600 MB toc do cao.		in		1
261	999	16/1/2014 0:00:00	Goi cuoc MIU vua duoc gia han.Gia goi 0 dong, khong gioi han dung luong, 600 MB toc do cao (su dung tai VN). Han su dung den 15/02/2014 16:57:10. Tat tat ca ung dung Internet hoac khoi dong lai may de duoc tinh cuoc theo goi MIU. MIEN PHI 7 ngay nghe nhac		in		1
262	999	14/2/2014 0:00:00	Han su dung goi MIU:15/02/2014 16:57:10. Neu khong yeu cau huy, goi cuoc se gia han den 17/03/2014 16:57:10. Gia goi 0 dong, khong gioi han dung luong, 600 MB toc do cao.		in		1
263	999	15/2/2014 0:00:00	Goi cuoc MIU vua duoc gia han.Gia goi 0 dong, khong gioi han dung luong, 600 MB toc do cao (su dung tai VN). Han su dung den 17/03/2014 16:57:10. Tat tat ca ung dung Internet hoac khoi dong lai may de duoc tinh cuoc theo goi MIU. MIEN PHI 7 ngay nghe nhac		in		1
264	999	16/3/2014 0:00:00	Han su dung goi MIU:17/03/2014 16:57:10. Neu khong yeu cau huy, goi cuoc se gia han den 16/04/2014 16:57:10. Gia goi 0 dong, khong gioi han dung luong, 600 MB toc do cao.		in		1
265	999	17/3/2014 0:00:00	Goi cuoc MIU vua duoc gia han.Gia goi 0 dong, khong gioi han dung luong, 600 MB toc do cao (su dung tai VN). Han su dung den 16/04/2014 16:57:10. Tat tat ca ung dung Internet hoac khoi dong lai may de duoc tinh cuoc theo goi MIU. <Tin HOT> Xem phim hay mi		in		1
266	999	16/4/2014 0:00:00	Han su dung goi MIU:16/04/2014 16:57:10. Neu khong yeu cau huy, goi cuoc se gia han den 16/05/2014 16:57:10. Gia goi 0 dong, khong gioi han dung luong, 600 MB toc do cao.		in		1
267	999	16/4/2014 0:00:00	Goi cuoc MIU vua duoc gia han.Gia goi 0 dong, khong gioi han dung luong, 600 MB toc do cao (su dung tai VN). Han su dung den 16/05/2014 16:57:10. Tat tat ca ung dung Internet hoac khoi dong lai may de duoc tinh cuoc theo goi MIU. <Tin KM> Soan DK gui 9077		in		1
268	999	15/5/2014 0:00:00	Han su dung goi MIU:16/05/2014 16:57:10. Neu khong yeu cau huy, goi cuoc se gia han den 15/06/2014 16:57:10. Gia goi 0 dong, khong gioi han dung luong, 600 MB toc do cao.		in		1
269	999	16/5/2014 0:00:00	Goi cuoc MIU vua duoc gia han.Gia goi 0 dong, khong gioi han dung luong, 600 MB toc do cao (su dung tai VN). Han su dung den 15/06/2014 16:57:10. Tat tat ca ung dung Internet hoac khoi dong lai may de duoc tinh cuoc theo goi MIU. .<Tin HOT> Soan DK gui 90		in		1
270	999	14/6/2014 0:00:00	Han su dung goi MIU:15/06/2014 16:57:10. Neu khong yeu cau huy, goi cuoc se gia han den 15/07/2014 16:57:10. Gia goi 0 dong, khong gioi han dung luong, 600 MB toc do cao.		in		1
271	999	14/6/2014 0:00:00	MobiFone kinh moi Quy khach dang ky goi Mobile Internet khong gioi han M120 de duoc TANG 100% DUNG LUONG toc do toi da (tu 1,5GB len 3GB) trong 02 chu ky va TANG GAP 08 LAN toc do truy cap thong thuong khi het dung luong tren de thoai mai luot web, nghe n		in		1
272	999	15/6/2014 0:00:00	Goi cuoc MIU vua duoc gia han.Gia goi 0 dong, khong gioi han dung luong, 600 MB toc do cao (su dung tai VN). Han su dung den 15/07/2014 16:57:10. Tat tat ca ung dung Internet hoac khoi dong lai may de duoc tinh cuoc theo goi MIU. <Tin HOT> Co hoi trung Ma		in		1
273	999	24/6/2014 0:00:00	(QC) Qua tang cho TB 907362462! Dang ky goi Mobile Internet khong gioi han M120 cua MobiFone (tu 05/06-04/07/2014), ban se duoc TANG 100% DUNG LUONG toc do toi da (tu 1,5 GB len 3 GB) trong 02 chu ky va duoc luot web, nghe nhac thoai mai ngay ca khi ha ba		in		1
274	999	2/7/2014 0:00:00	(QC) Chao TB 907362462! Tu 05/06-04/07, dang ky goi data khong gioi han M120 cua MobiFone ban duoc NHAN DOI DUNG LUONG toc do toi da (tu 1,5GB len 3GB) trong 02 chu ky va thoai mai luot web, nghe nhac, ngay ca khi het dung luong tren voi toc do truy cap G		in		1
275	999	14/7/2014 0:00:00	Qua tang tu MobiFone! Dang ky goi data khong gioi han M120, ban se ???c TANG HON 5 LAN dung luong toc do toi da so voi goi MIU (len toi 3GB) trong 2 chu ky va TANG 8 LAN toc do truy cap thong thuong khi het dung luong tren de thoai mai luot web tren di do		in		1
276	999	14/7/2014 0:00:00	Han su dung goi MIU:15/07/2014 16:57:10. Neu khong yeu cau huy, goi cuoc se gia han den 14/08/2014 16:57:10. Gia goi 0 dong, khong gioi han dung luong, 600 MB toc do cao.		in		1
277	999	15/7/2014 0:00:00	Goi cuoc MIU vua duoc gia han.Gia goi 0 dong, khong gioi han dung luong, 600 MB toc do cao (su dung tai VN). Han su dung den 14/08/2014 16:57:10. Tat tat ca ung dung Internet hoac khoi dong lai may de duoc tinh cuoc theo goi MIU. <Tin HOT> De xem Mien phi		in		1
278	999	24/7/2014 0:00:00	(QC) Qua tang cho TB 907362462! Tu 05/07-03/08, dang ky goi data khong gioi han M120 cua MobiFone, ban duoc NHAN DOI DUNG LUONG TOC DO TOI DA (tu 1,5GB len 3GB) trong 02 chu ky va thoai mai luot web, nghe nhac ngay ca khi het dung luong tren voi toc do tr		in		1
279	999	24/7/2014 0:00:00	MobiFone xin dinh chinh thong tin: Gia cuoc goi data M120 la 120.000 dong/30 ngay. Dang ky tu 5/7 den 3/8, ban duoc NHAN DOI DUNG LUONG (tu 1,5GB len 3GB) trong 2 chu ky. Soan KM M120 gui 999 de tham gia. Kinh mong Quy khach thong cam vi so suat nay. Chi		in		1
280	999	31/7/2014 0:00:00	Chuc mung TB 907362462! Dang ky goi Mobile Internet khong gioi han M120 truoc 03/08/2014, ban se duoc TANG 100% DUNG LUONG TOC DO TOI DA (tu 1,5 GB len 3 GB) trong 02 chu ky va TANG GAP 08 LAN toc do truy cap khi ha bang thong de luot web, nghe nhac thoai		in		1
281	999	11/8/2014 0:00:00	Co hoi trai nghiem dich vu data cua MobiFone! Dang ky goi Mobile Internet KHONG GIOI HAN M120 truoc 3/9/14, ban se duoc TANG 100% DUNG LUONG TOC DO TOI DA (tu 1,5 GB len 3 GB) trong 02 chu ky va thoai mai luot web, nghe nhac,...ngay ca khi ha bang thong.		in		1
282	999	13/8/2014 0:00:00	Qua tang tu MobiFone! Dang ky goi data khong gioi han M120, ban se duoc TANG HON 5 LAN dung luong toc do toi da so voi goi MIU (len toi 3GB) trong 2 chu ky va TANG 8 LAN toc do truy cap thong thuong khi het dung luong tren de thoai mai luot web tren di do		in		1
283	999	13/8/2014 0:00:00	Han su dung goi MIU:14/08/2014 16:57:10. Neu khong yeu cau huy, goi cuoc se gia han den 13/09/2014 16:57:10. Gia goi 0 dong, khong gioi han dung luong, 600 MB toc do cao.		in		1
284	999	14/8/2014 0:00:00	Goi cuoc MIU vua duoc gia han.Gia goi 0 dong, khong gioi han dung luong, 600 MB toc do cao (su dung tai VN). Han su dung den 13/09/2014 16:57:10. Tat tat ca ung dung Internet hoac khoi dong lai may de duoc tinh cuoc theo goi MIU.		in		1
285	999	14/8/2014 0:00:00	Ban muon tang SMS cho ban be, nguoi than cua minh? Soan ngay S25 <SDT> gui 999 de tang 100 SMS noi mang cho thue bao MobiFone khac (gia 25000dong/30 ngay). Trong do <SDT> la so thue bao ban muon tang SMS. Chi tiet lien he 9090.		in		1
286	999	15/8/2014 0:00:00	KM KHUNG tu MobiFone! Tang 100% DUNG LUONG TOC DO CAO (tu 1,5GB len 3GB) trong 02 chu ky lien tiep & TANG GAP 08 LAN toc do truy cap khi ha bang thong de luot web, nghe nhac thoai mai khi dang ki goi cuoc KHONG GIOI HAN M120. Soan KM M120 gui 999 (gia 120		in		1
287	999	23/8/2014 0:00:00	Goi data SIEU HAP DAN tu MobiFone! Tu 4/8-2/9, khi dang ky goi cuoc KHONG GIOI HAN M120 ban duoc NHAN DOI dung luong toc do toi da (tu 1,5GB len 3GB) trong 2 chu ky va thoai mai luot web, nghe nhac ngay ca khi het dung luong tren voi toc do truy cap GAP 8		in		1
288	999	27/8/2014 0:00:00	Tu 27/8-29/8, khi dang ky thanh cong goi cuoc KHONG GIOI HAN M120, ban duoc NHAN DOI dung luong toc do toi da (len toi 3GB) trong 2 chu ky va TANG 50% gia tri the nap dau tien trong khoang thoi gian nay. KM se duoc cong vao tai khoan trong vong 24h sau kh		in		1
289	999	9/9/2014 0:00:00	Co hoi trai nghiem dich vu data cua MobiFone! Dang ky goi Mobile Internet KHONG GIOI HAN M120 truoc 3/10/14, ban se duoc TANG 100% DUNG LUONG TOC DO TOI DA (tu 1,5 GB len 3 GB) trong 02 chu ky va thoai mai luot web, nghe nhac, ... ngay ca khi ha bang thon		in		1
290	999	9/9/2014 0:00:00	Ban muon tang SMS cho ban be, nguoi than cua minh? Soan ngay S25 <SDT> gui 999 de tang 100 SMS noi mang cho thue bao MobiFone khac (gia 25000 dong/30 ngay). Trong do <SDT> la so thue bao ban muon tang SMS. Chi tiet lien he 9090.		in		1
291	999	12/9/2014 0:00:00	Qua tang tu MobiFone! Dang ky goi data khong gioi han M120, ban se duoc TANG HON 5 LAN dung luong toc do toi da so voi goi MIU (len toi 3GB) trong 2 chu ky. Soan KM M120 gui 999 truoc 3/10/14 (gia 120.000d/30 ngay)		in		1
292	999	12/9/2014 0:00:00	Han su dung goi MIU:13/09/2014 16:57:10. Neu khong yeu cau huy, goi cuoc se gia han den 13/10/2014 16:57:10. Gia goi 0 dong, khong gioi han dung luong, 600 MB toc do cao.		in		1
293	999	13/9/2014 0:00:00	Goi cuoc MIU vua duoc gia han.Gia goi 0 dong, khong gioi han dung luong, 600 MB toc do cao (su dung tai VN). Han su dung den 13/10/2014 16:57:10. Tat tat ca ung dung Internet hoac khoi dong lai may de duoc tinh cuoc theo goi MIU. <Tin HOT> Trai nghiem dic		in		1
294	999	17/9/2014 0:00:00	KM KHUNG tu MobiFone! Tang 100% DUNG LUONG TOC DO CAO (tu 1,5 GB len den 3 GB) trong 02 chu ky lien tiep khi dang ki goi cuoc KHONG GIOI HAN M120. Soan KM M120 gui 999 (gia 120.000d/30ngay) truoc 3/10/14 de tham gia. Chi tiet goi 9090. Xin cam on!		in		1
295	999	25/9/2014 0:00:00	Goi data SIEU HAP DAN tu MobiFone! Tu 3/9-2/10, khi dang ky goi cuoc KHONG GIOI HAN M120 ban duoc NHAN DOI dung luong toc do toi da (tu 1,5GB len 3GB) trong 2 chu ky. Soan ngay KM M120 gui 999 (gia 120.000d/30 ngay). Chi tiet goi 9090. Xin cam on!		in		1
296	999	9/10/2014 0:00:00	Tu 01/10/14 MobiFone cung cap goi Mobile Internet hap dan MIU90: 90.000d/30 ngay, KHONG GIOI HAN dung luong, 950 MB toc do cao. Quy khach hay soan DK MIU90 gui 999 ngay hom nay de dang ky goi cuoc va thoa suc luot web, nghe nhac, ... voi dich vu data cua		in		1
297	999	12/10/2014 0:00:00	Qua tang hap dan tu MobiFone! Dang ky goi data khong gioi han M120, Quy khach duoc tang GAP 2 LAN dung luong toc do cao cua goi (len toi 3 GB) trong 02 CHU KY. Soan KM M120 gui 999 truoc 2/11/14 (gia 120.000d/30 ngay) de tham gia. Chi tiet lien he 9090. X		in		1
298	999	12/10/2014 0:00:00	Han su dung goi MIU:13/10/2014 16:57:10. Neu khong yeu cau huy, goi cuoc se gia han den 12/11/2014 16:57:10. Gia goi 0 dong, khong gioi han dung luong, 600 MB toc do cao.		in		1
299	999	13/10/2014 0:00:00	Goi cuoc MIU vua duoc gia han.Gia goi 0 dong, khong gioi han dung luong, 600 MB toc do cao (su dung tai VN). Han su dung den 12/11/2014 16:57:10. Tat tat ca ung dung Internet hoac khoi dong lai may de duoc tinh cuoc theo goi MIU. Co hoi trung 50 trieu don		in		1
300	999	26/10/2014 0:00:00	Xin chao TB 907362462! MobiFone tang Quy khach 30 ngay MIEN PHI goi dich vu chat luong cao HDVIP cua dich vu xem phim truc tuyen HDVIET khi dang ky hay gia han thanh cong goi cuoc data hap dan MIU90. Goi goi 90.000d/30 ngay, KHONG GIOI HAN dung luong, 950		in		1
301	999	7/11/2014 0:00:00	Qua tang hap dan tu MobiFone! Quy khach duoc nhan doi dung luong toc do toi da (len toi 3 GB) trong 02 chu ky va tang 30 ngay MIEN PHI goi dich vu chat luong cao HDVIP cua dich vu xem phim truc tuyen HDVIET khi dang ky goi data M120. Gia goi 120.000d/30 n		in		1
302	999	11/11/2014 0:00:00	Qua tang hap dan tu MobiFone! Dang ky goi data khong gioi han M120, Quy khach duoc tang GAP 2 LAN dung luong toc do cao cua goi (len toi 3 GB) trong 02 CHU KY. Soan KM M120 gui 999 truoc 2/12/14 (gia 120.000d/30 ngay) de tham gia. Chi tiet lien he 9090. X		in		1
303	999	11/11/2014 0:00:00	Han su dung goi MIU:12/11/2014 16:57:10. Neu khong yeu cau huy, goi cuoc se gia han den 12/12/2014 16:57:10. Gia goi 70000 dong, khong gioi han dung luong, 600 MB toc do cao.		in		1
304	999	12/11/2014 0:00:00	Goi cuoc MIU vua duoc gia han.Gia goi 70000 dong, khong gioi han dung luong, 600 MB toc do cao (su dung tai VN). Han su dung den 12/12/2014 16:57:10. Tat tat ca ung dung Internet hoac khoi dong lai may de duoc tinh cuoc theo goi MIU. .Nghe nhac cho cua ch		in		1
305	999	20/11/2014 0:00:00	Co hoi trai nghiem dich vu data cua MobiFone! Dang ky goi Mobile Internet KHONG GIOI HAN  MIU90 truoc 18/12/14, ban se duoc tang dung luong toc do toi da tu 950 MB len 1,5 GB trong 2 chu ky. Soan KMIU90 gui 999 (gia 90.000d/30 ngay). Chi tiet goi 9090. Xi		in		1
306	9231	16/10/2014 0:00:00	CT Tich sao 3G - Nhan Iphone 6 Plus tu 01/10/2014 den 31/10/2014: Ban da tich them duoc 7 sao (10.000d cuoc data = 1 sao) vao ngay 13/10/2014 va dang so huu 12 sao 3G. MobiFone TANG ban 2 co hoi NHAN NAM so sao 3G hien co: soan 3G SMM gui 9231 (mien phi). Chi tiet goi 9090 hoac xem tai http://simmobi.vn		in		1
307	9231	19/11/2014 0:00:00	Chuc mung quy khach da du dieu kien doi vouche chuong trinh "Xem phim tha ga-Tiet kiem toi da", ma doi vouche cua quy khach la 0015518. Vui long den rap CGV-Sense City Can Tho de doi vouche xem phim mien phi truoc ngay 29/11/2014. Luu y: CT se ket thuc som neu so luong vouche duoc doi het. Chi tiet L/H 9090 hoac xem tai http://simmobi.vn.		in		1
309	+84908849399		Bi h moi gui ne a Khai.		in		0
311	+84908849399		E dag ban xju, a nt di.		in		0
312	+84908849399		Uhm, y e la so lam tre do, thoj e ngu day, may tjh bj hu phim go k dc.		in		0
313	090 884 93 99		Co diem danh ko		out		0
314	+84908849399		Ko, yen tam.		in		0
315	+84908849399		Dag di le, nt di a Kh.		in		0
316	+84908849399		Thoi a Khai di di, chjeu ve e ge, 12h30 e faj coj thj roj.		in		0
317	+84908849399		Diem dah roj daj ca, de tai chua hoj j het.		in		0
318	+84908849399		Chieu nay k diem danh.		in		0
319	+84908849399		Hnay k diem dah nha.		in		0
320	+84908849399		Toj nt e nha.		in		0
321	0908849399		Toi roi		out		0
322	091 980 71 15	25/8/2013 0:00:00	Sang mai 8g hen anh an sang va cafe o nha thieu nhi		out		0
323	+84919807115	25/8/2013 0:00:00	Da hen a lan sau vay.ba cua ban em vua mat em dang len kien luong		in		0
324	091 980 71 15	25/8/2013 0:00:00	Ok. Smile		out		0
325	+84919807115	15/11/2013 0:00:00	Hom qua e goi dinh ru a cafe. Goi a ko dc em chay ve kien luong luon,vi co cho con theo nen em ko o lai dem dc. Lan sau nhe a		in		0
326	091 980 71 15	15/11/2013 0:00:00	Hen lan sau. Smile		out		0
327	091 980 71 15	31/1/2014 0:00:00	Anh ra Lac Hong alo em		out		0
328	+84919807115	31/1/2014 0:00:00	Da Ti Nua E Ra		in		0
329	+84919807115	14/2/2014 0:00:00	Sinh Nhat Vui Ve A		in		0
330	091 980 71 15	14/2/2014 0:00:00	Thanks.		out		0
331	091 980 71 15	21/3/2014 0:00:00	Ngu chua?		out		0
332	+84919807115	21/3/2014 0:00:00	Da Chua A,em Moi Het Ca		in		0
333	091 980 71 15	24/3/2014 0:00:00	Ngu chua		out		0
334	+84919807115	24/3/2014 0:00:00	E Moi Het Ca Chuan Bi Ve Nha		in		0
335	091 980 71 15	24/3/2014 0:00:00	Anh alo dc ko		out		0
336	+84919807115	24/3/2014 0:00:00	Khoang 10p Nua Nhe E Dang Giao Ca		in		0
337	091 980 71 15	24/3/2014 0:00:00	Ok		out		0
338	091 980 71 15	28/3/2014 0:00:00	Cam on em rat nhiet tinh!  Tiec la ko co thoi gian o lai thuong thuc tai nang nau an cua em. Smile.		out		0
339	+84919807115	28/3/2014 0:00:00	Se Co Co Hoi Ma A		in		0
340	091 980 71 15	1/4/2014 0:00:00	Anh moi em an trua va anh co ru L.Anh di chung. Rat mong.		out		0
341	091 980 71 15	7/4/2014 0:00:00	Vo em than van tren face kia, anh co choc 1 chut. Nhung  vay ko tot dau.		out		0
342	+84919807115	7/4/2014 0:00:00	Ah Nua Roi Ah Kho Phu Nu Qua ̣ ̣ ̣ Hi Hi		in		0
343	091 980 71 15	8/4/2014 0:00:00	Mai nghi len RG choi, em trai.		out		0
344	+84919807115	9/4/2014 0:00:00	Em Ko Co Nghi Le A Oi. Van Phai Di Lam		in		0
345	+84919807115	22/6/2014 0:00:00	Em Mac Mua Uot Het Roi. Mai Em Di Ben Tre Ve Uong Cafe Nhe A		in		0
346	+84919807115	26/11/2014 0:00:00	Luc nay em dang chay xe ngoai mua		in		0
347	MobiFone	10/5/2013 0:00:00	(QC) MobiFone gui tang Quy KH than thiet CT mua hang uu dai. Ban se duoc mua bo USB 3G tri gia 760.000d chi voi 484.000d. Lien he mua hang tai CH MobiFone Kien Giang. Tin nhan co gia tri den het 15/05/2013. Chi ap dung cho TB nhan tin nhan nay. Chi tiet lien he 9090. Tu choi QC, soan TC gui 9241		in		1
348	MobiFone	5/6/2013 0:00:00	(QC) Tu 07/06-05/09/2013, CTKM trung xe Yamaha SX va DT Galaxy Y Hang Tuan tu MobiFone: khi nghe 20 phut hoac goi 20.000d hoac dang ky 3G duoc TANG 1 ma du thuong CT NGHE GOI MOBI TRUNG XE SX, TRUNG GALAXY.Quay thuong luc 19h45 Thu 7 Hang Tuan tren Dai TH Can Tho. Chi tiet L/H 9090. Tu choi QC, soan TC gui 9241		in		1
349	MobiFone	11/6/2013 0:00:00	Ma du thuong CT "Nghe goi Mobi trung xe SX, trung Galaxy" cua quy khach la: T1.2425806. Chuc Quy khach may man. Tu choi nhan thong bao Ma du thuong, soan MDT TC gui 9231. Khi nghe 20 phhut hoac goi 20.000d hoac dang ky 3G se duoc cap 1 ma du thuong.		in		1
350	MobiFone	13/6/2013 0:00:00	Ma du thuong CT "Nghe goi Mobi trung xe SX, trung Galaxy" cua quy khach la: T1.4224256,. Chuc Quy khach may man. Tu choi nhan thong bao Ma du thuong, soan MDT TC gui 9231. Khi nghe 20 phhut hoac goi 20.000d hoac dang ky 3G se duoc cap 1 ma du thuong.		in		1
351	MobiFone	15/6/2013 0:00:00	MobiFone xin gui nhung loi chuc tot dep nhat nhan dip ky niem ngay thanh lap Quy cong ty/Quy co quan		in		1
352	MobiFone	15/6/2013 0:00:00	Ma du thuong CT "Nghe goi Mobi trung xe SX, trung Galaxy" dot 2 cua quy khach la: T2.0939380,. Chuc Quy khach may man. Tu choi nhan thong bao Ma du thuong, soan MDT TC gui 9231. Khi nghe 20 phhut hoac goi 20.000d hoac dang ky 3G se duoc cap 1 ma du thuong.		in		1
353	MobiFone	18/6/2013 0:00:00	Ma du thuong CT "Nghe goi Mobi trung xe SX, trung Galaxy" dot 2 cua quy khach la: T2.4863396,. Chuc Quy khach may man. Tu choi nhan thong bao Ma du thuong, soan MDT TC gui 9231. Khi nghe 20 phhut hoac goi 20.000d hoac dang ky 3G se duoc cap 1 ma du thuong.		in		1
354	MobiFone	24/6/2013 0:00:00	Ma du thuong CT "Nghe goi Mobi trung xe SX, trung Galaxy" dot 3 cua quy khach la: T3.2491394,. Chuc Quy khach may man. Tu choi nhan thong bao Ma du thuong, soan MDT TC gui 9231. Khi nghe 20 phhut hoac goi 20.000d hoac dang ky 3G se duoc cap 1 ma du thuong.		in		1
355	MobiFone	26/6/2013 0:00:00	Ma du thuong CT "Nghe goi Mobi trung xe SX, trung Galaxy" dot 3 cua quy khach la: T3.6967715,T3.6967716,. Chuc Quy khach may man. Tu choi nhan thong bao Ma du thuong, soan MDT TC gui 9231. Khi nghe 20 phhut hoac goi 20.000d hoac dang ky 3G se duoc cap 1 ma du thuong.		in		1
356	MobiFone	29/6/2013 0:00:00	Ma du thuong CT "Nghe goi Mobi trung xe SX, trung Galaxy" dot 4 cua quy khach la: T4.1876713,. Chuc Quy khach may man. Tu choi nhan thong bao Ma du thuong, soan MDT TC gui 9231. Khi nghe 20 phhut hoac goi 20.000d hoac dang ky 3G se duoc cap 1 ma du thuong.		in		1
357	MobiFone	3/7/2013 0:00:00	Ma du thuong CT "Nghe goi Mobi trung xe SX, trung Galaxy" dot 4 cua quy khach la: T4.5527489,T4.5527490,. Chuc Quy khach may man. Tu choi nhan thong bao Ma du thuong, soan MDT TC gui 9231.		in		1
358	MobiFone	6/7/2013 0:00:00	Ma du thuong CT "Nghe goi Mobi trung xe SX, trung Galaxy" dot 5 cua quy khach la: T5.2009053,. Chuc Quy khach may man. Tu choi nhan thong bao Ma du thuong, soan MDT TC gui 9231.		in		1
359	MobiFone	10/7/2013 0:00:00	Ma du thuong CT "Nghe goi Mobi trung xe SX, trung Galaxy" dot 5 cua quy khach la: T5.6001390,. Chuc Quy khach may man. Tu choi nhan thong bao Ma du thuong, soan MDT TC gui 9231.		in		1
360	MobiFone	11/7/2013 0:00:00	Ma du thuong CT "Nghe goi Mobi trung xe SX, trung Galaxy" dot 6 cua quy khach la: T6.0920790,. Chuc Quy khach may man. Tu choi nhan thong bao Ma du thuong, soan MDT TC gui 9231.		in		1
361	MobiFone	18/7/2013 0:00:00	Ma du thuong CT "Nghe goi Mobi trung xe SX, trung Galaxy" dot 6 cua quy khach la: 0920790,6793667,6793668. Chuc Quy khach may man. Tu choi nhan thong bao Ma du thuong, soan MDT TC gui 9231.		in		1
362	MobiFone	1/8/2013 0:00:00	Ma du thuong CT Nghe goi Mobi trung xe SX, trung Galaxy dot 8 cua quy khach la: 1711827,4640679,6672089,3564407. Chuc Quy khach may man. Tu choi nhan thong bao soan MDT TC gui 9231		in		1
363	MobiFone	5/8/2013 0:00:00	(QC) Soan DK gui 9237 (290 dong/tin) de dang ky tham gia MIEN PHI chuong trinh Ket noi dai lau cua MobiFone:voi moi 10.000d cuoc su dung dich vu = 1 diem tich luy, khi tich luy du 300 diem se duoc quy doi thanh tien de tru vao hoa don cuoc. Chi tiet goi 9090. Tu choi QC, soan TC gui 9241		in		1
364	MobiFone	8/8/2013 0:00:00	Ma du thuong CT Nghe goi Mobi trung xe SX, trung Galaxy dot 9 cua quy khach la: 5004501,5004502,5004503,5004504. Chuc Quy khach may man. Tu choi nhan thong bao soan MDT TC gui 9231		in		1
365	MobiFone	8/8/2013 0:00:00	MobiFone xin thong bao: Chi tiet cuoc goi thang 08/2013 cua so 907362462 vua duoc xem tren trang web http://www.mobifone.com.vn luc 22:05 08/08/2013		in		1
366	MobiFone	22/8/2013 0:00:00	Ma du thuong CT Nghe goi Mobi trung xe SX, trung Galaxy dot 11 cua quy khach la: 5647923,5647924,5647925. Chuc Quy khach may man. Tu choi nhan thong bao soan MDT TC gui 9231		in		1
367	MobiFone	24/8/2013 0:00:00	(QC) Soan DK gui 9237 (290 dong/tin) de dang ky tham gia MIEN PHI chuong trinh Ket noi dai lau cua MobiFone:voi moi 10.000d cuoc su dung dich vu = 1 diem tich luy, khi tich luy du 300 diem se duoc quy doi thanh tien de tru vao hoa don cuoc. Chi tiet goi 9090. Tu choi QC, soan TC gui 9241		in		1
368	MobiFone	29/8/2013 0:00:00	Ma du thuong CT Nghe goi Mobi trung xe SX, trung Galaxy dot 12 cua quy khach la: 1827609,4687149,4687150. Chuc Quy khach may man. Tu choi nhan thong bao soan MDT TC gui 9231		in		1
369	MobiFone	5/9/2013 0:00:00	Ma du thuong CT Nghe goi Mobi trung xe SX, trung Galaxy dot 13 cua quy khach la: 4809097,4809098,4809099,7140608. Chuc Quy khach may man. Tu choi nhan thong bao soan MDT TC gui 9231		in		1
370	MobiFone	1/12/2013 0:00:00	Tu 1/10/2013 den nay, cung voi So Giao Duc & Dao tao, MobiFone da trao tang 600.000 quyen vo va 2.400 suat hoc bong (1.000.000d/suat) den hoc sinh ngheo 12 tinh dong bang Song Cuu Long. Goi them 1 phut la Quy khach da gop them 1 trang vo tang hoc sinh ngheo. MobiFone tran trong cam on Quy khach.		in		1
371	MobiFone	11/12/2013 0:00:00	MobiFone kinh moi Quy khach den Cua hang MobiFone_55 Nguyen Trung Truc - TP Rach Gia - Kien Giang tham gia chuong trinh Dang ky dich vu hay-Nhan ngay qua tang trong thang 12/2013. Uu tien khach hang den truoc. Chi tiet lien he 9090		in		1
372	MobiFone	14/1/2014 0:00:00	(QC) Vui luot Web-Hai loc xuan 2014 tu 10/1-26/2/2014: MobiFone TANG 2 ma so quay thuong trung IPAD AIR Wifi+4G 16GB va nhieu giai thuong hap dan khac khi TB 907362462 GIA HAN goi MIU vao 16/01/2014. Tong dai 9231 se gui ma du thuong trong 24h. Chi tiet goi 9090.Tu choi QC,soan TC gui 9241		in		1
373	MobiFone	30/1/2014 0:00:00	Nhan dip xuan Giap Ngo 2014, MobiFone kinh chuc Quy khach va gia dinh mot nam moi An Khang - Thinh vuong - Van su nhu y. Cam on Quy khach da dong hanh cung MobiFone.		in		1
374	MobiFone	15/2/2014 0:00:00	(QC) Vui luot Web-Hai loc xuan 2014 tu 10/1-26/2/2014: MobiFone TANG 2 ma so quay thuong trung IPAD AIR Wifi+4G 16GB va nhieu giai thuong hap dan khac khi TB 907362462 GIA HAN goi MIU vao 15/02/2014. Tong dai 9231 se gui ma du thuong trong 24h. Chi tiet goi 9090.Tu choi QC,soan TC gui 9241		in		1
375	MobiFone	20/2/2014 0:00:00	MobiFone xin thong bao: ke tu ngay 21/02/2014, MobiFone cung cap chi tiet cuoc qua email, web (www.mobifone.com.vn) hoac tai cac cua hang giao dich. Chi tiet lien he 9090. Tran trong cam on.		in		1
376	MobiFone	12/3/2014 0:00:00	Dang ky dv Uy Thac Thanh Toan cuoc thue bao tra sau MobiFone tu 01/03-31/05/2014 de duoc MIEN PHI dich vu va co hoi nhan qua hap dan tu SACOMBANK. Chi tiet lien he 1900555588		in		1
377	MobiFone	17/4/2014 0:00:00	(QC) MobiFone tang TB 907362462 CT Uu dai cho KH than thiet: Ban se duoc mua dien thoai SamSung Trend Plus voi gia 3.490.000d va duoc TANG THEM UU DAI len den 700.000d (gom 350.000d vao TK chinh va uu dai 5 thang su dung goi MIU gap doi dung luong). Lien he mua hang tai CH MobiFone gan nhat truoc 15/05/2014. Uu tien KH den truoc. Chi tiet goi 9090. Tu choi QC, soan TC goi 9241.		in		1
378	MobiFone	29/4/2014 0:00:00	(QC) Co hoi TRUNG LON xe HONDA SH sanh dieu vao ngay 5/5/2014 khi TB 907362462 dang ky dich vu Thong bao cuoc goi nho khi tat may,het pin_MCA. Soan: DK MCA30 gui 9232. Gia: 5.000d/30 ngay. MobiFone TANG 1 ma tham gia chuong trinh quay so sau 2 ngay dang ky. Chi tiet goi 9090 hoac xem tai www.simmobi.vn. Tu choi QC, soan TC gui 9241		in		1
379	MobiFone	9/5/2014 0:00:00	(QC) TRUNG LON cung MobiFone: Gia han goi truy cap Mobile Internet MIU vao 16/05/2014 de tham gia CT quay so TRUNG XE HONDA SH ngay 03/06/2014. MobiFone TANG 4 ma so quay thuong sau 1 ngay gia han goi. Xem ket qua quay thuong thang 4/2014 tai http://simmobi.vn hoac goi 9090		in		1
380	MobiFone	23/5/2014 0:00:00	(QC) TRUNG LON cung MobiFone: Soan DK MCA30 gui 9232 de dang ky dich vu thong bao cuoc goi nho khi tat may, het pin... Gia: 5.000d/30ngay. TB 907362462 duoc TANG 1 ma tham gia CT quay so TRUNG XE HONDA SH ngay 03/06/2014. Xem ket qua quay thuong thang 4/2014 tai http://simmobi.vn hoac goi 9090. Tu choi QC, soan TC gui 9241.		in		1
381	MobiFone	15/6/2014 0:00:00	MobiFone xin gui nhung loi chuc tot dep nhat nhan dip ky niem ngay thanh lap Quy cong ty/Quy co quan		in		1
382	MobiFone	25/6/2014 0:00:00	(QC) TRUNG LON cung MobiFone: Soan DK MCA30 gui 9232 de dang ky dich vu thong bao cuoc goi nho khi tat may, het pin... Gia: 5.000d/ 30ngay. TB 907362462 duoc TANG 1 ma tham gia CT quay so TRUNG XE HONDA SH ngay 03/07/2014. Xem ket qua quay thuong thang 5/2014 tai http://simmobi.vn hoac goi 9090. Tu choi QC, soan TC gui 9421.		in		1
383	MobiFone	24/7/2014 0:00:00	(QC)Tai MIEN PHI ung dung doc bao tieng Viet nhieu nguoi dung nhat_BAONET tai https://play.google.com/store/apps/details?id=mobi.baonet de cap nhat tin tuc suot 24h tu tat ca cac bao mang. Uu diem: Tiet kiem dung luong 3G voi toc do truy cap nhanh, giao dien dep, tu tao app doc bao rieng. Tong dai ho tro KH: 9090. Tu choi nhan QC, soan TC gui 9241.		in		1
384	MobiFone	30/8/2014 0:00:00	Quy khach hien la Hoi vien hang DONG_CT Ket noi 
dai lau cua MobiFone: Moi 10.000d cuoc su dung dich vu = 1 diem, khi 
tich luy du 300 diem se duoc quy doi thanh 120000d de tru vao hoa don cuoc. Tong dai ho tro nhanh & MIEN PHI 18001090 hoac http://ketnoidailau.mobifone.com.vn		in		1
385	MobiFone	11/9/2014 0:00:00	(QC)Dien thoai cua Ban co ket noi 3G? Soan GT gui 9289 (0d) de tham gia "Giai tri tha ga - Nhan qua sieu khung" cua MobiFone - MIEN PHI 7 ngay Xem Phim, Video, Tivi, Cap nhat ket qua bong da tren di dong va co co hoi trung thuong 50 trieu VND/tuan. Chi tiet truy cap http://khuyenmai.mobifone.com.vn. Tu choi, soan TC gui 9241		in		1
386	MobiFone	11/9/2014 0:00:00	(QC) SIEU KHUYEN MAI tu MobiFone nhan dip phat song tram 3G moi! Thoai mai luot web, nghe nhac, xem phim voi sim Fast Connect 3G chi voi 30.000d/thang: MIEN PHI 2,4GB/thang dau & 1,8GB/thang x 11 thang tiep theo. Tong gia tri khuyen mai len den 4,1 trieu dong. Sim co ban tai cac cua hang, diem ban le MobiFone. Chi tiet goi 9090. Tu choi QC, soan TC gui 9241		in		1
387	MobiFone	12/9/2014 0:00:00	(QC) So dien thoai cua ban ket thuc bang ***? Soan AN gui 9289 (0d)! 907362462 co trong danh sach uu tien cua MobiFone: Ban nhan duoc co hoi trung 50 trieu VND/tuan va Mien phi su dung 07 ngay dich vu Nhac cho Funring, nghe nhac online moi luc moi noi. Chi tiet truy cap http://khuyenmai.mobifone.com.vn. Tu choi QC, soan TC gui 9241		in		1
388	MobiFone	16/9/2014 0:00:00	Quy khach hien la Hoi vien hang DONG_CT Ket noi 
dai lau cua MobiFone: Moi 10.000d cuoc su dung dich vu = 1 diem, khi 
tich luy du 300 diem se duoc quy doi thanh 120000d de tru vao hoa don cuoc. Tong dai ho tro nhanh & MIEN PHI 18001090 hoac http://ketnoidailau.mobifone.com.vn		in		1
389	MobiFone	26/9/2014 0:00:00	(QC) Thu gian & kham pha IQ cua ban qua tro choi Do vui IQ cua MobiFone: soan DK IQ7 gui 9023 de dang ky. MIEN PHI 3 NGAY khi dang ky dich vu lan dau tien. Cuoc sau thoi gian mien phi: 3.000d/7ngay. Chi tiet goi 9090. Tu choi QC, soan TC gui 9241.		in		1
390	MobiFone	2/10/2014 0:00:00	(TB) Hay thay the tin hieu cho may bang doan nhac ua thich de lam cuoc song cua ban soi dong hon! Soan KM3 gui 9289 de dang ky dv Funring cua MobiFone. MIEN PHI 7 ngay dau tien & TANG 01 ma so quay thuong voi tong gia tri 900 trieu dong. Cuoc sau tuan mien phi: 9.000d/ 30 ngay. Chi tiet goi 9090.		in		1
391	MobiFone	7/10/2014 0:00:00	(TB) Chuong trinh TICH SAO 3G-NHAN IPHONE 6 PLUS mung MobiFone phat song 1000 tram 3G moi tai DBSCL: moi 10.000d cuoc data TANG 01 sao 3G. Giai dac biet_Iphone 6 Plus 64GB & 10 giai khuyen khich TANG cho 11 TB tich sao 3G NHIEU NHAT tu 1-31/10/2014. MobiFone tang TB 907362462 5 sao 3G & 2 co hoi NHAN NAM so sao 3G da tich luy. De tra cuu so sao 3G hien co: soan 3G S gui 9231 (mien phi). Chi tiet goi 9090		in		1
392	MobiFone	12/10/2014 0:00:00	(TB) Nhan tin nhan thong bao cac cuoc goi nho khi het pin/tat may/ngoai vung phu song: soan KM1 gui 9289 de trai nghiem dich vu Thong bao cuoc goi nho_MCA cua MobiFone. MIEN PHI 7 ngay dau tien & TANG 01 ma so quay thuong voi tong gia tri 900 trieu dong. Cuoc sau tuan mien phi: 2.000d/7ngay. Chi tiet goi 9090.		in		1
393	MobiFone	18/10/2014 0:00:00	(TB) Thoai mai xem MIEN PHI cac clip HOT, nhac, hai trong 7 ngay dau dang ky dv MobiClip_MobiFone & TANG 01 ma so quay thuong voi tong gia tri 900 trieu dong: soan KM7 gui 9289. Truy cap http://mobiclip.vn hoac tai ung dung Mobiclip tu Play Store/ CH Play. DV MIEN CUOC 3G. Cuoc sau tuan mien phi:2.000d/ngay. Chi tiet goi 9090		in		1
394	MobiFone	20/10/2014 0:00:00	(TB) Thoai mai nghe/xem/tai nhac, gameshow, karaoke khi dang ky dv mMusic_MobiFone: soan KM4 gui 9289. MIEN PHI 7 ngay dau tien & TANG 01 ma so quay thuong voi tong gia tri 900 trieu dong.  Truy cap http://mmusic.vn hoac tai ung dung mMusic tu Play Store/ CH Play. DV MIEN CUOC 3G. Cuoc sau tuan mien phi:1.000d/ngay. L/H  9090		in		1
395	MobiFone	20/10/2014 0:00:00	"Trong moi thanh cong cua chung ta co su hy sinh tham lang cua nhung nguoi me". Nhan ngay 20/10, MobiFone than TANG Quy khach cau chuyen CAI NUT AO tai web: http://simmobi.vn/Truyen/1154_cainutao.jsp. Hay chia se thong diep co y nghia nay den nguoi than, ban be. Chi tiet goi 9090.		in		1
396	MobiFone	22/10/2014 0:00:00	(TB) Xa stress, cuoi sang khoai voi cac hinh anh/ clip/phim/tho hai, nhac che tu dich vu mFun-MobiFone: soan DK C7 gui 9083 de dang ky. MIEN PHI 7 NGAY dang ky lan dau tien. Truy cap http://mFun.net.vn hoac tai ung dung mFun tu Play Store/ CH Play de trai nghiem dv. Cuoc sau khi mien phi: 5.000d/7ngay. DV MIEN CUOC 3G. Lien he 9090.		in		1
397	MobiFone	23/10/2014 0:00:00	Quy khach hien la Hoi vien hang DONG_CT Ket noi 
dai lau cua MobiFone: Moi 10.000d cuoc su dung dich vu = 1 diem, khi 
tich luy du 300 diem se duoc quy doi thanh 120000d de tru vao hoa don cuoc. Tong dai ho tro nhanh & MIEN PHI 18001090 hoac http://ketnoidailau.mobifone.com.vn		in		1
398	MobiFone	24/10/2014 0:00:00	(TB) Xem phim tha ga MIEN PHI 7 ngay dau su dung dich vu mFilm_MobiFone & duoc TANG 01 ma so quay thuong voi tong gia tri 900 trieu dong: soan KM5 gui 9289 de dang ky. Truy cap http://mfilm.vn de trai nghiem dv. DV MIEN CUOC 3G. Cuoc sau tuan mien phi:2.000d/ngay. Chi tiet goi 9090		in		1
399	MobiFone	28/10/2014 0:00:00	Thang Cham soc KH MobiFone: Tu 28/10/2014 den 30/11/2014 Cai dat MIEN PHI cac ung dung moi/nhac/phim va nhan ngay QUA TANG HAP DAN (balo, ao mua...) khi dang ky dich vu tai CH MobiFone_55 Nguyen Trung Truc - P. Vinh Bao - Tp. Rach Gia - Kien Giang. Lien he 9090.		in		1
400	MobiFone	31/10/2014 0:00:00	(TB) CT Tich sao 3G - Nhan Iphone 6 Plus: TB 907362462 co 12 sao 3G tinh den 27/10/2014. Soan tin 3G SMM gui 9231 (mien phi) NGAY TRONG HOM NAY de tim co hoi may man NHAN DOI so SAO 3G hien co. 11 TB tich luy sao 3G nhieu nhat tu 1-31/10/2014 duoc TANG Iphone 6 Plus/6BMIU/6FCU200. Chi tiet goi 9090 hoac xem tai http://simmobi.vn/3G		in		1
401	MobiFone	31/10/2014 0:00:00	(QC) Cap nhat cac game moi va hot tai Kho Tro choi tren di dong VGames: soan DK VG gui 9210 de tai mien phi 02 game/tuan. MIEN PHI 7 NGAY khi dang ky lan dau tien. Gia cuoc sau tuan mien phi: 10.000d/7 ngay. Chi tiet goi 9090. Tu choi QC, soan TC gui 9241		in		1
402	MobiFone	3/11/2014 0:00:00	(TB) Thoai mai xem MIEN PHI cac clip HOT, nhac, hai trong 7 ngay dau dang ky dv MobiClip_MobiFone & TANG 01 ma so quay thuong voi tong gia tri 900 trieu dong: soan KM7 gui 9289. Truy cap http://mobiclip.vn hoac tai ung dung Mobiclip tu Play Store/ CH Play. DV MIEN CUOC 3G. Cuoc sau tuan mien phi:2.000d/ngay. Chi tiet goi 9090		in		1
403	MobiFone	7/11/2014 0:00:00	(TB) MobiFone MIEN PHI 7 ngay dau su dung dv mMusic (nghe/xem/tai nhac, gameshow, karaoke) & TANG 01 ma so quay thuong voi tong gia tri 900 trieu dong. De dang ky: soan KM4 gui 9289. Truy cap http://mmusic.vn hoac tai ung dung mMusic tu Play Store/ CH Play. DV MIEN CUOC 3G. Cuoc sau tuan mien phi:1.000d/ngay. Chi tiet goi 9090		in		1
404	MobiFone	12/11/2014 0:00:00	(TB) CT TIM VANG cung MobiFone tu 10/11-20/12/2014: Moi 5.000d cuoc dich vu gia tri gia tang (khong gom thoai,nhan tin,3G) duoc TANG 01 co hoi tim CHU sau 3 ngay phat sinh cuoc. TANG 01 LUONG VANG SJC cho TB co chu rap thanh MOBIFONE & 20.000d cho TB co chu MOBI. Chi tiet goi 9090 & xem tai http://simmobi.vn/vas.		in		1
405	MobiFone	20/11/2014 0:00:00	Nhung cu chi quan tam gian don cua ban co the lam nen su thay doi lon lao. Nhan ngay 20/11, MobiFone than tang Quy khach cau chuyen NGUOI YEU QUY NHAT tai web: http://songynghia.vn/truyen/1124/. Hay cam nhan va chia se cau chuyen co y nghia nay den nguoi than, ban be. Chi tiet goi 9090		in		1
406	MobiFone	21/11/2014 0:00:00	(QC) Thoai mai xem clip HOT, hai, nhac, phim... voi dich vu MobiClip: soan DK MC30 gui 9022. Gia: 25.000d/30 ngay. MobiFone tang 01 co hoi tim CHU cho moi 5.000d cuoc dv gia tri gia tang. TB co du chu rap thanh MOBIFONE: TANG 1 LUONG VANG SJC; MOBI: TANG 20000d. L/H 9090 hoac xem tai http://simmobi.vn/vas. Tu choi QC, soan TC gui 9241		in		1
407	MobiFone	22/11/2014 0:00:00	(QC) Rat it thue bao may man nhan duoc tin nhan nay: MobiFone tang ban co hoi so huu Xe may Liberty S tu CTKM Xem truyen hinh - Rinh giai thuong. Soan DK7 gui 9333 de don nhan may man, MIEN PHI hom nay, cuoc cac ngay sau: 3.000d/ngay. Tu choi, soan TC gui 9241		in		1
408	MobiFone	23/11/2014 0:00:00	(QC) That la khong ngo phai khong 907362462? So dien thoai 907362462 duoc lua chon la thue bao co co hoi trung 1 TY DONG tu CTKM Ty phu Bong da cua MobiFone. Soan ngay DK gui 555 HOAN TOAN MIEN PHI HOM NAY de don nhan co hoi tuyet voi nay. Cuoc cac ngay sau: 5.000d/ngay. Chi tiet goi 9090. Tu choi, soan TC gui 9241.		in		1
409	MobiFone	30/11/2014 0:00:00	(QC) Chuc mung TB 907362462 duoc chon la nguoi may man nhat tuan nay. Soan M gui 9333 (phi 0d trong ngay hom nay) de gianh co hoi trung 100.000.000 VND tu CTKM cua MobiFone. Cuoc cac ngay sau: 3000d/ngay. Chi tiet goi 9090. Tu choi, soan TC gui 9241.		in		1
410		14/2/2014 0:00:00	Ko noi tao lao voi Thom Le nghen cu		out		0
411		7/5/2014 0:00:00	097 2748245 anh tinh la anh em h coi mua con bao nhieu		in		0
29803496	MobiFone	1/12/2014 0:00:00	Minh lam quen nhe. Hay goi cho minh 19001570				1
29803497	Mobiphone	6/12/2014 0:00:00	Di caphe khong				0
29803498	Vinaphone	6/12/2014 0:00:00	Mua dum 1 chai nuoc suoi				0
29803499	Vinaphone	6/12/2014 0:00:00	Di an com				0
29803500	Viettel	6/12/2014 0:00:00	Mua dum 1 hop com				0
29803501		6/12/2014 0:00:00	Khi nao xong viec thi alo di lai rai roi karaoke				0
29803502		6/12/2014 0:00:00	Mai nghi hoc nhe				0
29803503		6/12/2014 0:00:00	Mai hoc va mot nghi				0
29803504		6/12/2014 0:00:00	Mai di caf				0
29803505		6/12/2014 0:00:00	Hom nay nghi va mai di hoc				0
29803506		6/12/2014 0:00:00	Tuan nay nghi hoc				0
29803507		6/12/2014 0:00:00	Tuan sau van hoc binh thuong				0
29803508			Mai co hoc khong				0
29803509			Mai co hoc				0
29803510			anh yeu em				0
29803511			Lam 1 co khong				0
29803512			Danh bida khong				0
29803513			Chieu nay danh bida				0
29803514			Chieu mai co da banh khong				0
29803515			AC thach dau voi team				0
29803516			BC thi dau AC tuan sau				0
29803517			Toi nay cafe voi anh khong em				0
29803518			Dang diem danh vao lop di				0
29803519			De biet ket qua xo so nhanh, chinh xac nhat; hay nhan tin den so 19001234				1
29803520			Het gio nhau o quan Ba con de va bia Tiger bia Heineken bia 333				0
29803521			Mai kiem tra het mon bao cao luon				0
29803522			Chieu nay bao cao mon thay Lung				0
29803523			em yeu anh				0
